{"task_graph_size": 19652, "motion_planning_time": 0.6928527355194092, "goal": [0, 7], "success": "true", "task_planning_time": 0.1665802001953125, "planner_name": "MTGTaskPlannerWithGMM", "solution_length": 22.115438748949394, "updating_time": 0.051218271255493164, "start": [0, 9], "task_uuid": "699ab0b0-b831-495d-bc26-6bf0c291b93e", "current_task_graph_size": 19652, "gmm_name": "dpgmm_7dof_1310", "num_attempts": 1, "set_start_and_goal_time": 0.0014629364013671875, "task_timestamp": 1712784672.545565, "total_planning_time": 0.911933183670044}
