{"task_graph_size": 10289, "motion_planning_time": 32.828184843063354, "goal": [0, 17], "success": "true", "task_planning_time": 0.8894381523132324, "planner_name": "MTGTaskPlannerWithGMM", "solution_length": 17.125499723787993, "updating_time": 1.777266263961792, "start": [0, 0], "task_uuid": "986cec2a-02d3-4031-8d19-8cb782e0db7e", "current_task_graph_size": 10289, "gmm_name": "dpgmm_6dof_127", "num_attempts": 8, "set_start_and_goal_time": 0.0007421970367431641, "task_timestamp": 1712936293.895216, "total_planning_time": 35.50062894821167}
{"task_graph_size": 10289, "motion_planning_time": 6.582719087600708, "goal": [0, 3], "success": "true", "task_planning_time": 0.2263798713684082, "planner_name": "MTGTaskPlannerWithGMM", "solution_length": 22.849996705240713, "updating_time": 0.3757340908050537, "start": [0, 11], "task_uuid": "986cec2a-02d3-4031-8d19-8cb782e0db7e", "current_task_graph_size": 10289, "gmm_name": "dpgmm_6dof_127", "num_attempts": 2, "set_start_and_goal_time": 0.0008978843688964844, "task_timestamp": 1712936301.299733, "total_planning_time": 7.187816143035889}
{"task_graph_size": 10289, "motion_planning_time": 19.750409603118896, "goal": [0, 17], "success": "true", "task_planning_time": 0.4881258010864258, "planner_name": "MTGTaskPlannerWithGMM", "solution_length": 39.14679960939905, "updating_time": 0.9357047080993652, "start": [0, 3], "task_uuid": "986cec2a-02d3-4031-8d19-8cb782e0db7e", "current_task_graph_size": 10289, "gmm_name": "dpgmm_6dof_127", "num_attempts": 5, "set_start_and_goal_time": 0.0009369850158691406, "task_timestamp": 1712936322.691427, "total_planning_time": 21.17868709564209}
{"task_graph_size": 10289, "motion_planning_time": 0.6456551551818848, "goal": [0, 4], "success": "true", "task_planning_time": 0.12108111381530762, "planner_name": "MTGTaskPlannerWithGMM", "solution_length": 21.97853167719525, "updating_time": 0.03363394737243652, "start": [0, 11], "task_uuid": "986cec2a-02d3-4031-8d19-8cb782e0db7e", "current_task_graph_size": 10289, "gmm_name": "dpgmm_6dof_127", "num_attempts": 1, "set_start_and_goal_time": 0.0009551048278808594, "task_timestamp": 1712936323.709064, "total_planning_time": 0.8019459247589111}
{"task_graph_size": 10289, "motion_planning_time": 0.824760913848877, "goal": [0, 3], "success": "true", "task_planning_time": 0.09218096733093262, "planner_name": "MTGTaskPlannerWithGMM", "solution_length": 20.39106478390484, "updating_time": 0.0724630355834961, "start": [0, 9], "task_uuid": "986cec2a-02d3-4031-8d19-8cb782e0db7e", "current_task_graph_size": 10289, "gmm_name": "dpgmm_6dof_127", "num_attempts": 1, "set_start_and_goal_time": 0.0009369850158691406, "task_timestamp": 1712936324.894126, "total_planning_time": 0.9911699295043945}
{"task_graph_size": 10289, "motion_planning_time": 24.81327986717224, "goal": [0, 2], "success": "true", "task_planning_time": 0.593719482421875, "planner_name": "MTGTaskPlannerWithGMM", "solution_length": 13.38346517114406, "updating_time": 1.007718801498413, "start": [0, 8], "task_uuid": "986cec2a-02d3-4031-8d19-8cb782e0db7e", "current_task_graph_size": 10289, "gmm_name": "dpgmm_6dof_127", "num_attempts": 6, "set_start_and_goal_time": 0.0009539127349853516, "task_timestamp": 1712936351.505111, "total_planning_time": 26.419037103652954}
{"task_graph_size": 10289, "motion_planning_time": 22.121753931045532, "goal": [0, 19], "success": "true", "task_planning_time": 0.5043132305145264, "planner_name": "MTGTaskPlannerWithGMM", "solution_length": 16.43532521376106, "updating_time": 1.1276142597198486, "start": [0, 15], "task_uuid": "986cec2a-02d3-4031-8d19-8cb782e0db7e", "current_task_graph_size": 10289, "gmm_name": "dpgmm_6dof_127", "num_attempts": 5, "set_start_and_goal_time": 0.0009698867797851562, "task_timestamp": 1712936375.601921, "total_planning_time": 23.75767707824707}
