{"task_graph_size": 19652, "motion_planning_time": 1.0166010856628418, "goal": [0, 13], "success": "true", "task_planning_time": 0.20100712776184082, "planner_name": "MTGTaskPlannerWithAtlas", "solution_length": 20.18434103253471, "updating_time": 0.07693076133728027, "start": [0, 12], "task_uuid": "d69198f2-683f-41d5-b7ba-e6ef159b7b3b", "current_task_graph_size": 19652, "gmm_name": "dpgmm_7dof_262", "num_attempts": 1, "set_start_and_goal_time": 0.0016281604766845703, "task_timestamp": 1712816124.235029, "total_planning_time": 1.2966179847717285}
{"task_graph_size": 19652, "motion_planning_time": 0.8182919025421143, "goal": [0, 6], "success": "true", "task_planning_time": 0.14891505241394043, "planner_name": "MTGTaskPlannerWithAtlas", "solution_length": 19.57364379064274, "updating_time": 0.10135102272033691, "start": [0, 4], "task_uuid": "d69198f2-683f-41d5-b7ba-e6ef159b7b3b", "current_task_graph_size": 19652, "gmm_name": "dpgmm_7dof_262", "num_attempts": 1, "set_start_and_goal_time": 0.002196073532104492, "task_timestamp": 1712816125.956977, "total_planning_time": 1.0710570812225342}
{"task_graph_size": 19652, "motion_planning_time": 1.3404459953308105, "goal": [0, 2], "success": "true", "task_planning_time": 0.017290115356445312, "planner_name": "MTGTaskPlannerWithAtlas", "solution_length": 23.291969595370148, "updating_time": 0.20737290382385254, "start": [0, 0], "task_uuid": "d69198f2-683f-41d5-b7ba-e6ef159b7b3b", "current_task_graph_size": 19652, "gmm_name": "dpgmm_7dof_262", "num_attempts": 1, "set_start_and_goal_time": 0.004770994186401367, "task_timestamp": 1712816127.890081, "total_planning_time": 1.5674262046813965}
{"task_graph_size": null, "motion_planning_time": -1, "goal": [0, 7], "success": "false", "task_planning_time": -1, "planner_name": "MTGTaskPlannerWithAtlas", "solution_length": -1, "updating_time": -1, "start": [0, 5], "task_uuid": "d69198f2-683f-41d5-b7ba-e6ef159b7b3b", "current_task_graph_size": null, "gmm_name": "dpgmm_7dof_262", "num_attempts": -1, "set_start_and_goal_time": -1, "task_timestamp": 1712816167.507096, "total_planning_time": -1}
{"task_graph_size": 19652, "motion_planning_time": 0.9859697818756104, "goal": [0, 1], "success": "true", "task_planning_time": 0.007882833480834961, "planner_name": "MTGTaskPlannerWithAtlas", "solution_length": 21.604316502219827, "updating_time": 0.0654139518737793, "start": [0, 4], "task_uuid": "d69198f2-683f-41d5-b7ba-e6ef159b7b3b", "current_task_graph_size": 19652, "gmm_name": "dpgmm_7dof_262", "num_attempts": 1, "set_start_and_goal_time": 0.0018739700317382812, "task_timestamp": 1712816169.353496, "total_planning_time": 1.0608930587768555}
{"task_graph_size": 19652, "motion_planning_time": 0.6390979290008545, "goal": [0, 4], "success": "true", "task_planning_time": 0.11706805229187012, "planner_name": "MTGTaskPlannerWithAtlas", "solution_length": 19.89699850224551, "updating_time": 0.50534987449646, "start": [0, 11], "task_uuid": "d69198f2-683f-41d5-b7ba-e6ef159b7b3b", "current_task_graph_size": 19652, "gmm_name": "dpgmm_7dof_262", "num_attempts": 1, "set_start_and_goal_time": 0.002029895782470703, "task_timestamp": 1712816171.038533, "total_planning_time": 1.2635431289672852}
{"task_graph_size": 19652, "motion_planning_time": 1.5884170532226562, "goal": [0, 0], "success": "true", "task_planning_time": 0.4775278568267822, "planner_name": "MTGTaskPlannerWithAtlas", "solution_length": 31.190571387834265, "updating_time": 0.570950984954834, "start": [0, 14], "task_uuid": "d69198f2-683f-41d5-b7ba-e6ef159b7b3b", "current_task_graph_size": 19652, "gmm_name": "dpgmm_7dof_262", "num_attempts": 1, "set_start_and_goal_time": 0.0019118785858154297, "task_timestamp": 1712816174.136028, "total_planning_time": 2.6399331092834473}
{"task_graph_size": 19652, "motion_planning_time": 0.9546287059783936, "goal": [0, 10], "success": "true", "task_planning_time": 0.22307395935058594, "planner_name": "MTGTaskPlannerWithAtlas", "solution_length": 28.902360922190745, "updating_time": 0.28848814964294434, "start": [0, 11], "task_uuid": "d69198f2-683f-41d5-b7ba-e6ef159b7b3b", "current_task_graph_size": 19652, "gmm_name": "dpgmm_7dof_262", "num_attempts": 1, "set_start_and_goal_time": 0.0018069744110107422, "task_timestamp": 1712816176.019627, "total_planning_time": 1.4677588939666748}
{"task_graph_size": 19652, "motion_planning_time": 0.9263439178466797, "goal": [0, 11], "success": "true", "task_planning_time": 0.24470019340515137, "planner_name": "MTGTaskPlannerWithAtlas", "solution_length": 19.21726315552651, "updating_time": 0.05685615539550781, "start": [0, 9], "task_uuid": "d69198f2-683f-41d5-b7ba-e6ef159b7b3b", "current_task_graph_size": 19652, "gmm_name": "dpgmm_7dof_262", "num_attempts": 1, "set_start_and_goal_time": 0.004470109939575195, "task_timestamp": 1712816177.635934, "total_planning_time": 1.229665994644165}
{"task_graph_size": 19652, "motion_planning_time": 1.1309428215026855, "goal": [0, 7], "success": "true", "task_planning_time": 0.24963116645812988, "planner_name": "MTGTaskPlannerWithAtlas", "solution_length": 20.89529108814057, "updating_time": 0.06586599349975586, "start": [0, 9], "task_uuid": "d69198f2-683f-41d5-b7ba-e6ef159b7b3b", "current_task_graph_size": 19652, "gmm_name": "dpgmm_7dof_262", "num_attempts": 1, "set_start_and_goal_time": 0.0018169879913330078, "task_timestamp": 1712816179.408365, "total_planning_time": 1.4480550289154053}
{"task_graph_size": 19652, "motion_planning_time": 0.9017848968505859, "goal": [0, 3], "success": "true", "task_planning_time": 0.10649299621582031, "planner_name": "MTGTaskPlannerWithAtlas", "solution_length": 15.086741550721719, "updating_time": 0.08629870414733887, "start": [0, 7], "task_uuid": "d69198f2-683f-41d5-b7ba-e6ef159b7b3b", "current_task_graph_size": 19652, "gmm_name": "dpgmm_7dof_262", "num_attempts": 1, "set_start_and_goal_time": 0.0018279552459716797, "task_timestamp": 1712816180.893976, "total_planning_time": 1.0961480140686035}
{"task_graph_size": 19652, "motion_planning_time": 3.124485969543457, "goal": [0, 14], "success": "true", "task_planning_time": 0.6411726474761963, "planner_name": "MTGTaskPlannerWithAtlas", "solution_length": 25.583872950508763, "updating_time": 0.24642658233642578, "start": [0, 12], "task_uuid": "d69198f2-683f-41d5-b7ba-e6ef159b7b3b", "current_task_graph_size": 19652, "gmm_name": "dpgmm_7dof_262", "num_attempts": 2, "set_start_and_goal_time": 0.00179290771484375, "task_timestamp": 1712816185.25921, "total_planning_time": 4.014791011810303}
{"task_graph_size": 19652, "motion_planning_time": 0.9445030689239502, "goal": [0, 6], "success": "true", "task_planning_time": 0.21131610870361328, "planner_name": "MTGTaskPlannerWithAtlas", "solution_length": 22.096875735847554, "updating_time": 0.07246112823486328, "start": [0, 10], "task_uuid": "d69198f2-683f-41d5-b7ba-e6ef159b7b3b", "current_task_graph_size": 19652, "gmm_name": "dpgmm_7dof_262", "num_attempts": 1, "set_start_and_goal_time": 0.0017828941345214844, "task_timestamp": 1712816186.853796, "total_planning_time": 1.2300231456756592}
{"task_graph_size": 19652, "motion_planning_time": 1.191896915435791, "goal": [0, 0], "success": "true", "task_planning_time": 0.010224103927612305, "planner_name": "MTGTaskPlannerWithAtlas", "solution_length": 20.00142628431642, "updating_time": 0.15386486053466797, "start": [0, 2], "task_uuid": "d69198f2-683f-41d5-b7ba-e6ef159b7b3b", "current_task_graph_size": 19652, "gmm_name": "dpgmm_7dof_262", "num_attempts": 1, "set_start_and_goal_time": 0.0018410682678222656, "task_timestamp": 1712816188.546532, "total_planning_time": 1.357464075088501}
{"task_graph_size": 19652, "motion_planning_time": 0.971904993057251, "goal": [0, 1], "success": "true", "task_planning_time": 0.008205890655517578, "planner_name": "MTGTaskPlannerWithAtlas", "solution_length": 25.48040684010082, "updating_time": 0.06991767883300781, "start": [0, 2], "task_uuid": "d69198f2-683f-41d5-b7ba-e6ef159b7b3b", "current_task_graph_size": 19652,