{"task_graph_size": 8402, "motion_planning_time": 1.0442023277282715, "goal": [0, 13], "success": "true", "task_planning_time": 0.1746959686279297, "planner_name": "MTGTaskPlannerWithGMM", "solution_length": 16.652717138119854, "updating_time": 0.35945796966552734, "start": [0, 12], "task_uuid": "1fea6b17-cc74-4baa-9718-a6623453cfb6", "current_task_graph_size": 8402, "gmm_name": "dpgmm_7dof_99p", "num_attempts": 1, "set_start_and_goal_time": 0.000659942626953125, "task_timestamp": 1712980595.831166, "total_planning_time": 1.579421043395996}
