{"task_graph_size": 8402, "motion_planning_time": 0.9356989860534668, "goal": [0, 13], "success": "true", "task_planning_time": 0.18007898330688477, "planner_name": "MTGTaskPlannerWithGMM", "solution_length": 19.01757253476292, "updating_time": 0.3585398197174072, "start": [0, 12], "task_uuid": "3401064f-3a23-443a-b201-1ecc11eed351", "current_task_graph_size": 8402, "gmm_name": "dpgmm_7dof_99p", "num_attempts": 1, "set_start_and_goal_time": 0.0006730556488037109, "task_timestamp": 1712980638.934997, "total_planning_time": 1.4754669666290283}
{"task_graph_size": 8402, "motion_planning_time": 2.6812431812286377, "goal": [0, 6], "success": "true", "task_planning_time": 0.13625407218933105, "planner_name": "MTGTaskPlannerWithGMM", "solution_length": 18.490300326770768, "updating_time": 0.4934501647949219, "start": [0, 4], "task_uuid": "3401064f-3a23-443a-b201-1ecc11eed351", "current_task_graph_size": 8402, "gmm_name": "dpgmm_7dof_99p", "num_attempts": 2, "set_start_and_goal_time": 0.0008420944213867188, "task_timestamp": 1712980642.435291, "total_planning_time": 3.3126180171966553}
