{"task_graph_size": 8402, "motion_planning_time": 5.98552680015564, "goal": [0, 13], "success": "true", "task_planning_time": 0.20459508895874023, "planner_name": "MTGTaskPlannerWithGMM", "solution_length": 17.79352954758772, "updating_time": 1.0021822452545166, "start": [0, 12], "task_uuid": "0ce9b3b2-41c2-4663-b808-5ae37edd5e4f", "current_task_graph_size": 8402, "gmm_name": "dpgmm_7dof_99p", "num_attempts": 2, "set_start_and_goal_time": 0.0006148815155029297, "task_timestamp": 1712980548.923371, "total_planning_time": 7.19375205039978}
