{"task_graph_size": 19652, "motion_planning_time": 3.5447027683258057, "goal": [0, 13], "success": "true", "task_planning_time": 0.1830759048461914, "planner_name": "MTGTaskPlannerWithGMM", "solution_length": 23.599337670888044, "updating_time": 1.9634778499603271, "start": [0, 12], "task_uuid": "a2682b58-1174-4cb9-815c-295e63795b6d", "current_task_graph_size": 19652, "gmm_name": "dpgmm_7dof_262", "num_attempts": 1, "set_start_and_goal_time": 0.001592874526977539, "task_timestamp": 1712814410.401927, "total_planning_time": 5.692901134490967}
{"task_graph_size": 19652, "motion_planning_time": 2.0666420459747314, "goal": [0, 6], "success": "true", "task_planning_time": 0.1620159149169922, "planner_name": "MTGTaskPlannerWithGMM", "solution_length": 20.831624422048037, "updating_time": 0.9364700317382812, "start": [0, 4], "task_uuid": "a2682b58-1174-4cb9-815c-295e63795b6d", "current_task_graph_size": 19652, "gmm_name": "dpgmm_7dof_262", "num_attempts": 1, "set_start_and_goal_time": 0.0019550323486328125, "task_timestamp": 1712814413.9553, "total_planning_time": 3.167340040206909}
