{"task_graph_size": 19652, "motion_planning_time": 2.131620168685913, "goal": [0, 13], "success": "true", "task_planning_time": 0.16076183319091797, "planner_name": "MTGTaskPlannerWithGMM", "solution_length": 20.916543974967837, "updating_time": 1.1997511386871338, "start": [0, 12], "task_uuid": "051a1632-4103-4029-9ea8-97465ead3dff", "current_task_graph_size": 19652, "gmm_name": "dpgmm_7dof_262", "num_attempts": 1, "set_start_and_goal_time": 0.0016880035400390625, "task_timestamp": 1712815690.215245, "total_planning_time": 3.4935600757598877}
