{"task_graph_size": 263050, "motion_planning_time": 9.097428798675537, "goal": [0, 0], "success": "true", "task_planning_time": 0.5486080646514893, "planner_name": "DynamicMTGTaskPlannerWithGMM_25.0", "solution_length": 28.545546160691053, "updating_time": 0.5004065036773682, "start": [0, 3], "task_uuid": "002ecbbe-0ac1-4e4b-8f7d-a38a815dda97", "current_task_graph_size": 12776, "gmm_name": "dpgmm_7dof_1310", "num_attempts": 1, "set_start_and_goal_time": 5.537868976593018, "task_timestamp": 1712705242.205485, "total_planning_time": 10.153409004211426}
{"task_graph_size": 263050, "motion_planning_time": 11.135032176971436, "goal": [0, 0], "success": "true", "task_planning_time": 0.6305241584777832, "planner_name": "DynamicMTGTaskPlannerWithGMM_25.0", "solution_length": 27.82246239800631, "updating_time": 0.5481841564178467, "start": [0, 3], "task_uuid": "002ecbbe-0ac1-4e4b-8f7d-a38a815dda97", "current_task_graph_size": 12776, "gmm_name": "dpgmm_7dof_1310", "num_attempts": 1, "set_start_and_goal_time": 4.212025165557861, "task_timestamp": 1712705264.451522, "total_planning_time": 12.321420907974243}
