{"task_graph_size": 263050, "motion_planning_time": 60.55997824668884, "goal": [0, 0], "success": "true", "task_planning_time": 10.852566242218018, "planner_name": "MTGTaskPlannerWithGMM", "solution_length": 25.04616460992211, "updating_time": 20.66854453086853, "start": [0, 3], "task_uuid": "d7f6aab3-9d27-4e07-b6b7-eb5e93986f86", "current_task_graph_size": 263050, "gmm_name": "dpgmm_7dof_262", "num_attempts": 7, "set_start_and_goal_time": 0.0016529560089111328, "task_timestamp": 1712703346.061203, "total_planning_time": 92.08880996704102}
{"task_graph_size": 263050, "motion_planning_time": 42.55661749839783, "goal": [0, 0], "success": "true", "task_planning_time": 3.7379958629608154, "planner_name": "MTGTaskPlannerWithGMM", "solution_length": 37.94170392695959, "updating_time": 11.880460500717163, "start": [0, 3], "task_uuid": "d7f6aab3-9d27-4e07-b6b7-eb5e93986f86", "current_task_graph_size": 263050, "gmm_name": "dpgmm_7dof_262", "num_attempts": 4, "set_start_and_goal_time": 0.0018749237060546875, "task_timestamp": 1712703410.347921, "total_planning_time": 58.18147420883179}
{"task_graph_size": 263050, "motion_planning_time": 15.486080884933472, "goal": [0, 0], "success": "true", "task_planning_time": 1.983402967453003, "planner_name": "MTGTaskPlannerWithAtlas", "solution_length": 28.60001217758671, "updating_time": 4.950856447219849, "start": [0, 3], "task_uuid": "d7f6aab3-9d27-4e07-b6b7-eb5e93986f86", "current_task_graph_size": 263050, "gmm_name": "dpgmm_7dof_262", "num_attempts": 2, "set_start_and_goal_time": 0.0017969608306884766, "task_timestamp": 1712703470.121628, "total_planning_time": 22.423070907592773}
{"task_graph_size": 263050, "motion_planning_time": 21.488346576690674, "goal": [0, 0], "success": "true", "task_planning_time": 3.6213951110839844, "planner_name": "MTGTaskPlannerWithAtlas", "solution_length": 37.94418895646656, "updating_time": 4.849780321121216, "start": [0, 3], "task_uuid": "d7f6aab3-9d27-4e07-b6b7-eb5e93986f86", "current_task_graph_size": 263050, "gmm_name": "dpgmm_7dof_262", "num_attempts": 2, "set_start_and_goal_time": 0.001773834228515625, "task_timestamp": 1712703509.125054, "total_planning_time": 29.96428918838501}
{"task_graph_size": 263050, "motion_planning_time": 9.534566402435303, "goal": [0, 0], "success": "true", "task_planning_time": 0.4892261028289795, "planner_name": "DynamicMTGTaskPlannerWithGMM_25.0", "solution_length": 30.441358516619673, "updating_time": 0.5614669322967529, "start": [0, 3], "task_uuid": "d7f6aab3-9d27-4e07-b6b7-eb5e93986f86", "current_task_graph_size": 12776, "gmm_name": "dpgmm_7dof_262", "num_attempts": 1, "set_start_and_goal_time": 4.874931812286377, "task_timestamp": 1712703578.884523, "total_planning_time": 10.592687845230103}
{"task_graph_size": 263050, "motion_planning_time": 10.988497495651245, "goal": [0, 0], "success": "true", "task_planning_time": 0.5191981792449951, "planner_name": "DynamicMTGTaskPlannerWithGMM_25.0", "solution_length": 32.72606250743347, "updating_time": 0.514132022857666, "start": [0, 3], "task_uuid": "d7f6aab3-9d27-4e07-b6b7-eb5e93986f86", "current_task_graph_size": 12776, "gmm_name": "dpgmm_7dof_262", "num_attempts": 1, "set_start_and_goal_time": 5.886097192764282, "task_timestamp": 1712703602.212791, "total_planning_time": 12.029479026794434}
{"task_graph_size": 263050, "motion_planning_time": 31.698227882385254, "goal": [0, 0], "success": "true", "task_planning_time": 1.5591120719909668, "planner_name": "DynamicMTGPlannerWithAtlas_25.0", "solution_length": 35.63741752308584, "updating_time": 2.0716099739074707, "start": [0, 3], "task_uuid": "d7f6aab3-9d27-4e07-b6b7-eb5e93986f86", "current_task_graph_size": 12776, "gmm_name": "dpgmm_7dof_262", "num_attempts": 2, "set_start_and_goal_time": 5.082206964492798, "task_timestamp": 1712703695.236378, "total_planning_time": 35.33956789970398}
{"task_graph_size": 263050, "motion_planning_time": 13.862679958343506, "goal": [0, 0], "success": "true", "task_planning_time": 0.5716960430145264, "planner_name": "DynamicMTGPlannerWithAtlas_25.0", "solution_length": 29.119191435356733, "updating_time": 0.5956742763519287, "start": [0, 3], "task_uuid": "d7f6aab3-9d27-4e07-b6b7-eb5e93986f86", "current_task_graph_size": 12776, "gmm_name": "dpgmm_7dof_262", "num_attempts": 1, "set_start_and_goal_time": 5.603693008422852, "task_timestamp": 1712703725.825945, "total_planning_time": 15.039304971694946}
{"task_graph_size": 263050, "motion_planning_time": 65.68193244934082, "goal": [0, 0], "success": "true", "task_planning_time": 2.9669175148010254, "planner_name": "DynamicMTGPlannerWithAtlas_50.0", "solution_length": 35.41929066009216, "updating_time": 4.805783271789551, "start": [0, 3], "task_uuid": "d7f6aab3-9d27-4e07-b6b7-eb5e93986f86", "current_task_graph_size": 12776, "gmm_name": "dpgmm_7dof_262", "num_attempts": 4, "set_start_and_goal_time": 5.264709949493408, "task_timestamp": 1712703859.441156, "total_planning_time": 73.46717500686646}
