{"task_graph_size": 263050, "motion_planning_time": 9.127760171890259, "goal": [0, 3], "success": "true", "task_planning_time": 0.5714111328125, "planner_name": "MTGTaskPlannerWithGMM", "solution_length": 25.958237974921573, "updating_time": 1.023784875869751, "start": [0, 0], "task_uuid": "6cb1e924-8d34-4218-a22a-6bc2db400ef7", "current_task_graph_size": 263050, "gmm_name": "dpgmm_7dof_1310", "num_attempts": 1, "set_start_and_goal_time": 0.0016601085662841797, "task_timestamp": 1712808526.27143, "total_planning_time": 10.724951028823853}
{"task_graph_size": 263050, "motion_planning_time": 9.38738489151001, "goal": [0, 3], "success": "true", "task_planning_time": 0.6250941753387451, "planner_name": "MTGTaskPlannerWithGMM", "solution_length": 23.622898915476686, "updating_time": 1.3535315990447998, "start": [0, 0], "task_uuid": "6cb1e924-8d34-4218-a22a-6bc2db400ef7", "current_task_graph_size": 263050, "gmm_name": "dpgmm_7dof_1310", "num_attempts": 1, "set_start_and_goal_time": 0.002006053924560547, "task_timestamp": 1712808542.977967, "total_planning_time": 11.368556022644043}
