{"task_graph_size": null, "motion_planning_time": -1, "goal": [0, 0], "success": "false", "task_planning_time": -1, "planner_name": "MTGTaskPlannerWithGMM", "solution_length": -1, "updating_time": -1, "start": [0, 3], "task_uuid": "7e2b5f07-d4f2-4fb4-889e-96c85bfb314f", "current_task_graph_size": null, "gmm_name": "dpgmm_7dof_262", "num_attempts": -1, "set_start_and_goal_time": -1, "task_timestamp": 1712702354.040656, "total_planning_time": -1}
{"task_graph_size": 263050, "motion_planning_time": 14.27591609954834, "goal": [0, 0], "success": "true", "task_planning_time": 0.5314998626708984, "planner_name": "MTGTaskPlannerWithGMM", "solution_length": 31.023353508116607, "updating_time": 2.0769906044006348, "start": [0, 3], "task_uuid": "7e2b5f07-d4f2-4fb4-889e-96c85bfb314f", "current_task_graph_size": 263050, "gmm_name": "dpgmm_7dof_262", "num_attempts": 1, "set_start_and_goal_time": 0.0020339488983154297, "task_timestamp": 1712702378.335393, "total_planning_time": 16.888671875}
{"task_graph_size": 263050, "motion_planning_time": 11.837569236755371, "goal": [0, 0], "success": "true", "task_planning_time": 0.7153420448303223, "planner_name": "MTGTaskPlannerWithAtlas", "solution_length": 27.491357066362923, "updating_time": 1.364995002746582, "start": [0, 3], "task_uuid": "7e2b5f07-d4f2-4fb4-889e-96c85bfb314f", "current_task_graph_size": 263050, "gmm_name": "dpgmm_7dof_262", "num_attempts": 1, "set_start_and_goal_time": 0.0018279552459716797, "task_timestamp": 1712702439.614947, "total_planning_time": 13.921838998794556}
